{
	"class_name" : "PinholeCameraParameters",
	"extrinsic" : 
	[
		0.97206180330074721,
		0.20684372639321583,
		-0.11095730447098981,
		0.0,
		-0.16262958078167911,
		0.9343579703410515,
		0.31705962012676103,
		0.0,
		0.16925563511586483,
		-0.29015660618348699,
		0.94189260208879766,
		0.0,
		-2.1985712979731078,
		-1.5373213659978817,
		2.3938476222700475,
		1.0
	],
	"intrinsic" : 
	{
		"height" : 1055,
		"intrinsic_matrix" : 
		[
			913.65680099258282,
			0.0,
			0.0,
			0.0,
			913.65680099258282,
			0.0,
			959.5,
			527.0,
			1.0
		],
		"width" : 1920
	},
	"version_major" : 1,
	"version_minor" : 0
}